﻿<?xml version="1.0" encoding="utf-8" ?>
<Movies>
  <Movie Id="1">
    <Name>Robot 2.0</Name>
    <Director>
      <FirstName>Shankar</FirstName>
      <LastName>Mohan</LastName>
      <Salary>15C</Salary>
      <Gender>Male</Gender>
    </Director>
    <Hero>Rajni</Hero>
    <Heroine>Emy</Heroine>
    <BoxOffice>200C</BoxOffice>
    <Producer>Lyca</Producer>
  </Movie>
  <Movie Id="2">
    <Name>Petta</Name>
    <Director>Karthik SubbuRaj</Director>
    <Hero>Rajni</Hero>
    <Heroine>Simran</Heroine>
    <BoxOffice>200C</BoxOffice>
    <Producer>Sun Pictures</Producer>
  </Movie>
  
</Movies>
